ID,Name,PhotoUrl
331092892,Diane Willis,https://randomuser.me/api/portraits/med/women/60.jpg
782181769,Brandon Welch,https://randomuser.me/api/portraits/med/men/5.jpg
205185148,Willie Oliver,https://randomuser.me/api/portraits/med/women/65.jpg
429375213,Jackie Bishop,https://randomuser.me/api/portraits/med/women/33.jpg
192314011,Sherry Garza,https://randomuser.me/api/portraits/med/women/10.jpg
668083057,Ellen Fowler,https://randomuser.me/api/portraits/med/women/30.jpg
827180796,Kenzi Harper,https://randomuser.me/api/portraits/med/women/24.jpg
581575023,George Jenkins,https://randomuser.me/api/portraits/med/men/16.jpg
182795949,Manuel Webb,https://randomuser.me/api/portraits/med/men/72.jpg
581262933,Peyton Steward,https://randomuser.me/api/portraits/med/women/26.jpg
